"SPECIES_CODE","SPECIES_NAME","COMMON_NAME","YEAR","STRATUM","STATIONID","LATITUDE","LONGITUDE","CPUE_KGHA","CPUE_NOHA"
"21720","Gadus macrocephalus","Pacific cod",2022,81,"T-24",61.33163,-172.89675,12.3374,7.2596
"21720","Gadus macrocephalus","Pacific cod",2022,81,"AA-23",63.6653,-172.72344,0.9514,0.4327
"21720","Gadus macrocephalus","Pacific cod",2022,81,"ZZ-23",63.3267,-172.598,0.0166,0.1888
"21720","Gadus macrocephalus","Pacific cod",2022,81,"Y-25",63.0014,-174.04865,0,0
"21720","Gadus macrocephalus","Pacific cod",2022,81,"ZZ-24",63.3369,-173.4047,0,0
"21720","Gadus macrocephalus","Pacific cod",2022,81,"Y-24",63.00074,-173.30792,0,0
"21720","Gadus macrocephalus","Pacific cod",2022,81,"V-24",61.99653,-173.079,6.3312,2.7457
"21720","Gadus macrocephalus","Pacific cod",2022,81,"U-24",61.6667,-173.12038,5.7466,2.0202
"21720","Gadus macrocephalus","Pacific cod",2022,81,"W-24",62.33262,-173.14055,1.63,0.7056
"21720","Gadus macrocephalus","Pacific cod",2022,81,"W-26",62.32779,-174.55357,0.1879,0.3915
"21720","Gadus macrocephalus","Pacific cod",2022,81,"W-25",62.33351,-173.81809,3.311,1.7205
"21720","Gadus macrocephalus","Pacific cod",2022,81,"W-27",62.33296,-175.2608,0.9995,0.3583
"21720","Gadus macrocephalus","Pacific cod",2022,81,"X-26",62.66308,-174.68513,0.6821,0.1785
"21720","Gadus macrocephalus","Pacific cod",2022,81,"X-25",62.66055,-173.9789,0,0
"21720","Gadus macrocephalus","Pacific cod",2022,81,"X-23",62.65466,-172.4728,7.3024,3.3014
"21720","Gadus macrocephalus","Pacific cod",2022,81,"X-24",62.66481,-173.15732,2.0929,1.3222
"21720","Gadus macrocephalus","Pacific cod",2022,71,"EE-02",64.97546,-167.59791,0.0255,1.1087
"21720","Gadus macrocephalus","Pacific cod",2022,71,"FF-02",65.31255,-167.68578,5.2091,0.9187
"21720","Gadus macrocephalus","Pacific cod",2022,71,"FF-18",65.23394,-168.88705,4.5276,0.645
"21720","Gadus macrocephalus","Pacific cod",2022,71,"FF-01",65.33853,-168.39693,2.4724,0.4292
"21720","Gadus macrocephalus","Pacific cod",2022,71,"CC-04",64.33519,-166.00214,6.2467,3.5317
"21720","Gadus macrocephalus","Pacific cod",2022,71,"EE-19",65.00732,-169.89223,2.5057,0.6264
"21720","Gadus macrocephalus","Pacific cod",2022,71,"DD-03",64.64488,-166.81085,0.4115,8.3583
"21720","Gadus macrocephalus","Pacific cod",2022,71,"EE-18",65.01162,-169.1441,0.7564,0.1996
"21720","Gadus macrocephalus","Pacific cod",2022,71,"EE-01",65.00792,-168.35386,1.7212,0.4012
"21720","Gadus macrocephalus","Pacific cod",2022,71,"DD-01",64.67739,-168.36733,12.9906,2.2992
"21720","Gadus macrocephalus","Pacific cod",2022,71,"AA-05",63.68384,-165.36475,9.883,2.3706
"21720","Gadus macrocephalus","Pacific cod",2022,71,"AA-06",63.6749,-164.65683,0,0
"21720","Gadus macrocephalus","Pacific cod",2022,71,"BB-04",63.98436,-166.02615,2.0736,2.3596
"21720","Gadus macrocephalus","Pacific cod",2022,71,"AA-07",63.67012,-163.88956,0,0
"21720","Gadus macrocephalus","Pacific cod",2022,71,"BB-03",63.99944,-166.77897,19.1109,5.456
"21720","Gadus macrocephalus","Pacific cod",2022,71,"CC-02",64.35664,-167.56754,0.9904,0.2314
"21720","Gadus macrocephalus","Pacific cod",2022,71,"CC-03",64.32156,-166.82247,13.0665,4.7223
"21720","Gadus macrocephalus","Pacific cod",2022,71,"CC-01",64.35025,-168.35218,21.3299,4.917
"21720","Gadus macrocephalus","Pacific cod",2022,71,"BB-01",64.03572,-168.29611,1.6373,0.8952
"21720","Gadus macrocephalus","Pacific cod",2022,71,"BB-02",64.02572,-167.5795,2.7376,0.8704
"21720","Gadus macrocephalus","Pacific cod",2022,71,"BB-20",63.99106,-170.55867,0.0285,0.6677
"21720","Gadus macrocephalus","Pacific cod",2022,71,"BB-21",63.99994,-171.30219,5.0409,2.1784
"21720","Gadus macrocephalus","Pacific cod",2022,71,"AA-21",63.69991,-171.04865,0.13,5.2141
"21720","Gadus macrocephalus","Pacific cod",2022,71,"BB-22",64.00163,-172.01307,1.4371,0.4165
"21720","Gadus macrocephalus","Pacific cod",2022,71,"DD-18",64.65152,-169.13539,1.7941,0.4153
"21720","Gadus macrocephalus","Pacific cod",2022,71,"AA-18",63.68334,-169.00508,15.3016,3.696
"21720","Gadus macrocephalus","Pacific cod",2022,71,"BB-18",64.01883,-169.05012,1.9525,1.3192
"21720","Gadus macrocephalus","Pacific cod",2022,71,"AA-19",63.6499,-169.74358,3.1725,2.2949
"21720","Gadus macrocephalus","Pacific cod",2022,71,"BB-06",64.00613,-164.5789,0,0
"21720","Gadus macrocephalus","Pacific cod",2022,71,"CC-07",64.33993,-163.81579,0,0
"21720","Gadus macrocephalus","Pacific cod",2022,71,"BB-07",63.99868,-163.86121,0,0
"21720","Gadus macrocephalus","Pacific cod",2022,71,"CC-09",64.33069,-162.3197,0,0
"21720","Gadus macrocephalus","Pacific cod",2022,71,"CC-08",64.24664,-163.15909,0,0
"21720","Gadus macrocephalus","Pacific cod",2022,71,"CC-10",64.32988,-161.60096,0,0
"21720","Gadus macrocephalus","Pacific cod",2022,71,"BB-10",64.01371,-161.53088,0,0
"21720","Gadus macrocephalus","Pacific cod",2022,71,"BB-09",64.00619,-162.2692,0,0
"21720","Gadus macrocephalus","Pacific cod",2022,71,"AA-08",63.65625,-163.06684,0,0
"21720","Gadus macrocephalus","Pacific cod",2022,71,"BB-08",63.97936,-163.04557,0,0
"21720","Gadus macrocephalus","Pacific cod",2022,71,"BB-05",64.03226,-165.31907,0,0
"21720","Gadus macrocephalus","Pacific cod",2022,71,"CC-05",64.33044,-165.33736,0,0
"21720","Gadus macrocephalus","Pacific cod",2022,71,"CC-06",64.32204,-164.57062,0,0
"21720","Gadus macrocephalus","Pacific cod",2022,71,"CC-18",64.3325,-169.11556,0,0
"21720","Gadus macrocephalus","Pacific cod",2022,71,"DD-02",64.67725,-167.60517,10.7296,2.278
"21720","Gadus macrocephalus","Pacific cod",2022,71,"ZZ-01",63.35717,-168.23939,12.1059,5.1462
"21720","Gadus macrocephalus","Pacific cod",2022,71,"ZZ-02",63.34064,-167.56207,2.4601,1.5969
"21720","Gadus macrocephalus","Pacific cod",2022,71,"AA-01",63.65234,-168.28685,2.3666,0.4719
"21720","Gadus macrocephalus","Pacific cod",2022,71,"AA-03",63.65286,-166.78762,10.9195,2.5679
"21720","Gadus macrocephalus","Pacific cod",2022,71,"ZZ-03",63.31618,-166.76882,5.2284,0.9535
"21720","Gadus macrocephalus","Pacific cod",2022,71,"AA-04",63.65861,-166.06891,1.7033,1.1524
"21720","Gadus macrocephalus","Pacific cod",2022,71,"ZZ-05",63.33377,-165.27149,0,0
"21720","Gadus macrocephalus","Pacific cod",2022,71,"ZZ-04",63.33366,-166.01592,0,0
"21720","Gadus macrocephalus","Pacific cod",2022,71,"AA-02",63.68723,-167.56753,6.5652,1.781
"21720","Gadus macrocephalus","Pacific cod",2022,81,"R-21",60.67278,-170.74904,6.7876,3.1207
"21720","Gadus macrocephalus","Pacific cod",2022,81,"T-23",61.34674,-172.23127,9.8575,2.284
"21720","Gadus macrocephalus","Pacific cod",2022,81,"U-22",61.65939,-171.56336,6.0068,3.5855
"21720","Gadus macrocephalus","Pacific cod",2022,81,"T-22",61.31829,-171.51167,24.3863,13.2212
"21720","Gadus macrocephalus","Pacific cod",2022,81,"W-22",62.30765,-171.71654,46.5147,23.2792
"21720","Gadus macrocephalus","Pacific cod",2022,81,"U-21",61.67571,-170.92649,7.7155,6.0342
"21720","Gadus macrocephalus","Pacific cod",2022,81,"T-21",61.35088,-170.84935,39.5536,21.4276
"21720","Gadus macrocephalus","Pacific cod",2022,81,"S-21",61.0089,-170.8038,18.3092,7.1435
"21720","Gadus macrocephalus","Pacific cod",2022,81,"Y-23",63.00142,-172.61216,0,0
"21720","Gadus macrocephalus","Pacific cod",2022,81,"W-23",62.33615,-172.43309,14.0115,5.1398
"21720","Gadus macrocephalus","Pacific cod",2022,81,"V-23",62.01094,-172.36675,3.6971,1.8212
"21720","Gadus macrocephalus","Pacific cod",2022,81,"U-23",61.67421,-172.31154,4.1532,2.9808
"21720","Gadus macrocephalus","Pacific cod",2022,70,"W-20",62.34302,-170.29411,43.9768,27.8235
"21720","Gadus macrocephalus","Pacific cod",2022,70,"W-19",62.35546,-169.61136,24.4141,13.1911
"21720","Gadus macrocephalus","Pacific cod",2022,70,"W-01",62.34941,-168.18744,25.0215,11.3677
"21720","Gadus macrocephalus","Pacific cod",2022,70,"W-18",62.34767,-168.88545,59.2563,28.2399
"21720","Gadus macrocephalus","Pacific cod",2022,70,"X-01",62.65505,-168.21683,17.0008,8.3487
"21720","Gadus macrocephalus","Pacific cod",2022,70,"Y-01",62.97471,-168.21024,12.7328,5.3174
"21720","Gadus macrocephalus","Pacific cod",2022,70,"R-02",60.67853,-167.35445,0.0004,0.2244
"21720","Gadus macrocephalus","Pacific cod",2022,70,"T-20",61.31158,-170.15269,20.696,9.7291
"21720","Gadus macrocephalus","Pacific cod",2022,70,"S-20",60.97328,-170.10996,27.5889,20.8858
"21720","Gadus macrocephalus","Pacific cod",2022,70,"V-20",61.98676,-170.24555,10.424,4.9383
"21720","Gadus macrocephalus","Pacific cod",2022,70,"U-20",61.64551,-170.18528,11.5133,8.0271
"21720","Gadus macrocephalus","Pacific cod",2022,70,"T-19",61.33894,-169.46303,35.0369,35.5358
"21720","Gadus macrocephalus","Pacific cod",2022,70,"S-19",61.01137,-169.42971,13.1034,11.4765
"21720","Gadus macrocephalus","Pacific cod",2022,70,"R-19",60.68155,-169.38325,1.3697,0.7845
"21720","Gadus macrocephalus","Pacific cod",2022,70,"R-18",60.66963,-168.70369,22.893,15.0505
"21720","Gadus macrocephalus","Pacific cod",2022,70,"R-20",60.6694,-170.0343,26.5314,16.0604
"21720","Gadus macrocephalus","Pacific cod",2022,70,"R-01",60.68382,-168.02636,1.1526,0.4504
"21720","Gadus macrocephalus","Pacific cod",2022,70,"V-22",61.98797,-171.61295,8.2482,4.5717
"21720","Gadus macrocephalus","Pacific cod",2022,70,"W-21",62.34657,-171.04007,17.6522,9.2808
"21720","Gadus macrocephalus","Pacific cod",2022,70,"V-21",62.0081,-170.9644,17.3956,8.2214
"21720","Gadus macrocephalus","Pacific cod",2022,70,"Y-22",63.00302,-171.87781,1.5095,0.7801
"21720","Gadus macrocephalus","Pacific cod",2022,70,"Y-20",62.95212,-170.50792,2.0686,1.3051
"21720","Gadus macrocephalus","Pacific cod",2022,70,"X-21",62.65106,-171.06843,8.2704,5.3057
"21720","Gadus macrocephalus","Pacific cod",2022,70,"ZZ-21",63.25736,-171.11538,0.6183,1.325
"21720","Gadus macrocephalus","Pacific cod",2022,70,"X-22",62.68098,-171.76971,2.5473,1.452
"21720","Gadus macrocephalus","Pacific cod",2022,70,"Y-21",62.99467,-171.139,32.4767,15.1821
"21720","Gadus macrocephalus","Pacific cod",2022,70,"AA-22",63.7056,-172.08026,4.5712,1.621
"21720","Gadus macrocephalus","Pacific cod",2022,70,"ZZ-22",63.30058,-172.00029,0.541,0.4136
"21720","Gadus macrocephalus","Pacific cod",2022,70,"Y-18",62.86103,-168.85098,9.6278,4.7568
"21720","Gadus macrocephalus","Pacific cod",2022,70,"S-03",61.01849,-166.68263,0,0
"21720","Gadus macrocephalus","Pacific cod",2022,70,"R-03",60.68299,-166.76168,0.0101,0.2205
"21720","Gadus macrocephalus","Pacific cod",2022,70,"T-18",61.35054,-168.76859,8.1391,17.0218
"21720","Gadus macrocephalus","Pacific cod",2022,70,"S-01",61.04338,-168.05707,0.0471,0.6417
"21720","Gadus macrocephalus","Pacific cod",2022,70,"T-01",61.34252,-168.10508,0.2579,3.5887
"21720","Gadus macrocephalus","Pacific cod",2022,70,"S-02",61.00051,-167.42784,0.0251,0.4737
"21720","Gadus macrocephalus","Pacific cod",2022,70,"T-02",61.31127,-167.39007,0.0203,0.2413
"21720","Gadus macrocephalus","Pacific cod",2022,70,"U-02",61.66844,-167.4178,0.0092,0.2095
"21720","Gadus macrocephalus","Pacific cod",2022,70,"V-03",62.00525,-166.70655,0,0
"21720","Gadus macrocephalus","Pacific cod",2022,70,"V-02",61.97265,-167.42188,0.0526,0.2172
"21720","Gadus macrocephalus","Pacific cod",2022,70,"U-03",61.66963,-166.73222,0,0
"21720","Gadus macrocephalus","Pacific cod",2022,70,"T-03",61.34011,-166.72813,0,0
"21720","Gadus macrocephalus","Pacific cod",2022,70,"W-03",62.31659,-166.7193,0,0
"21720","Gadus macrocephalus","Pacific cod",2022,70,"X-03",62.62241,-166.74488,0,0
"21720","Gadus macrocephalus","Pacific cod",2022,70,"W-02",62.37003,-167.43563,9.4072,2.9299
"21720","Gadus macrocephalus","Pacific cod",2022,70,"X-02",62.66675,-167.39854,0.8673,2.2645
"21720","Gadus macrocephalus","Pacific cod",2022,70,"V-19",62.04346,-169.55795,25.5895,10.3014
"21720","Gadus macrocephalus","Pacific cod",2022,70,"U-18",61.64706,-168.804,0,0
"21720","Gadus macrocephalus","Pacific cod",2022,70,"U-19",61.68553,-169.50768,17.4776,8.9895
"21720","Gadus macrocephalus","Pacific cod",2022,70,"V-18",61.97973,-168.83183,22.6599,10.5341
"21720","Gadus macrocephalus","Pacific cod",2022,70,"V-01",62.01131,-168.13893,3.254,2.9458
"21720","Gadus macrocephalus","Pacific cod",2022,70,"U-01",61.69102,-168.09112,0,0
"21720","Gadus macrocephalus","Pacific cod",2022,70,"S-18",61.02945,-168.75128,5.5298,7.82
"21720","Gadus macrocephalus","Pacific cod",2022,70,"Y-03",63.00675,-166.71573,0,0
"21720","Gadus macrocephalus","Pacific cod",2022,70,"Y-04",63.02224,-165.99642,0,0
"21720","Gadus macrocephalus","Pacific cod",2022,70,"Y-02",62.99006,-167.45536,11.5365,2.5877
"21720","Gadus macrocephalus","Pacific cod",2022,70,"X-19",62.65983,-169.62823,47.3638,32.4688
"21720","Gadus macrocephalus","Pacific cod",2022,70,"X-18",62.66599,-168.91663,12.3496,5.9428
"21720","Gadus macrocephalus","Pacific cod",2022,70,"X-20",62.68433,-170.27415,83.3277,61.1662
"21720","Gadus macrocephalus","Pacific cod",2022,71,"BB-19",63.98433,-169.78603,0.0146,0.4566
"21720","Gadus macrocephalus","Pacific cod",2022,71,"CC-19",64.30908,-169.82985,1.3003,0.9385
"21720","Gadus macrocephalus","Pacific cod",2022,71,"DD-20",64.65752,-170.6473,0,0
"21720","Gadus macrocephalus","Pacific cod",2022,71,"DD-19",64.6459,-169.88411,0,0
"21720","Gadus macrocephalus","Pacific cod",2022,71,"CC-21",64.3365,-171.35521,0,0
"21720","Gadus macrocephalus","Pacific cod",2022,71,"CC-20",64.32923,-170.61577,0.9748,0.6894
"21720","Gadus macrocephalus","Pacific cod",2021,81,"R-21",60.68356,-170.77405,19.351,4.4224
"21720","Gadus macrocephalus","Pacific cod",2021,81,"W-22",62.34441,-171.78833,5.4677,3.4729
"21720","Gadus macrocephalus","Pacific cod",2021,81,"U-24",61.686,-173.07761,132.5672,51.1778
"21720","Gadus macrocephalus","Pacific cod",2021,81,"T-24",61.37158,-172.92013,53.5979,44.5109
"21720","Gadus macrocephalus","Pacific cod",2021,81,"T-22",61.33899,-171.55715,15.4389,6.1187
"21720","Gadus macrocephalus","Pacific cod",2021,81,"T-23",61.34965,-172.22507,6.0096,4.5134
"21720","Gadus macrocephalus","Pacific cod",2021,81,"U-23",61.66434,-172.2655,28.9526,13.5853
"21720","Gadus macrocephalus","Pacific cod",2021,81,"U-22",61.65143,-171.5133,58.7536,43.6997
"21720","Gadus macrocephalus","Pacific cod",2021,81,"V-23",62.00324,-172.43044,1.8308,1.122
"21720","Gadus macrocephalus","Pacific cod",2021,81,"V-24",61.99142,-173.13726,20.713,15.5656
"21720","Gadus macrocephalus","Pacific cod",2021,81,"W-23",62.31602,-172.39893,6.0266,3.5568
"21720","Gadus macrocephalus","Pacific cod",2021,81,"Y-25",63.00042,-173.95435,0,0
"21720","Gadus macrocephalus","Pacific cod",2021,81,"Y-24",63.00338,-173.18811,1.4072,0.6259
"21720","Gadus macrocephalus","Pacific cod",2021,81,"ZZ-24",63.33936,-173.38441,0,0
"21720","Gadus macrocephalus","Pacific cod",2021,81,"ZZ-23",63.33366,-172.65214,28.0225,13.6394
"21720","Gadus macrocephalus","Pacific cod",2021,81,"AA-23",63.64808,-172.65412,2.0102,0.6527
"21720","Gadus macrocephalus","Pacific cod",2021,71,"CC-08",64.24725,-163.19327,0,0
"21720","Gadus macrocephalus","Pacific cod",2021,71,"CC-07",64.32326,-163.85337,0,0
"21720","Gadus macrocephalus","Pacific cod",2021,71,"BB-08",64.03698,-163.07116,0,0
"21720","Gadus macrocephalus","Pacific cod",2021,71,"CC-09",64.34414,-162.29713,0,0
"21720","Gadus macrocephalus","Pacific cod",2021,71,"CC-10",64.3181,-161.59066,0,0
"21720","Gadus macrocephalus","Pacific cod",2021,71,"BB-09",63.99813,-162.28386,0,0
"21720","Gadus macrocephalus","Pacific cod",2021,71,"BB-21",64.05634,-171.33259,16.793,6.2919
"21720","Gadus macrocephalus","Pacific cod",2021,71,"ZZ-02",63.31423,-167.56747,17.103,6.3979
"21720","Gadus macrocephalus","Pacific cod",2021,71,"AA-02",63.64793,-167.53205,14.3384,5.6863
"21720","Gadus macrocephalus","Pacific cod",2021,71,"BB-02",64.01642,-167.56218,15.954,7.0998
"21720","Gadus macrocephalus","Pacific cod",2021,71,"BB-04",64.01469,-166.05905,0.0046,0.2319
"21720","Gadus macrocephalus","Pacific cod",2021,71,"CC-04",64.32496,-165.99371,0.0058,0.2068
"21720","Gadus macrocephalus","Pacific cod",2021,71,"CC-03",64.36577,-166.84742,14.6868,6.0133
"21720","Gadus macrocephalus","Pacific cod",2021,71,"DD-03",64.68669,-166.85454,5.3423,2.808
"21720","Gadus macrocephalus","Pacific cod",2021,71,"BB-03",64.01449,-166.82266,21.7037,4.4537
"21720","Gadus macrocephalus","Pacific cod",2021,71,"AA-03",63.69164,-166.79117,5.1321,1.371
"21720","Gadus macrocephalus","Pacific cod",2021,71,"AA-04",63.67013,-166.13825,13.3614,2.7029
"21720","Gadus macrocephalus","Pacific cod",2021,71,"AA-07",63.6671,-163.77687,0,0
"21720","Gadus macrocephalus","Pacific cod",2021,71,"AA-08",63.66493,-163.02711,0,0
"21720","Gadus macrocephalus","Pacific cod",2021,71,"AA-06",63.66702,-164.53428,0,0
"21720","Gadus macrocephalus","Pacific cod",2021,71,"ZZ-05",63.34812,-165.32595,0,0
"21720","Gadus macrocephalus","Pacific cod",2021,71,"AA-18",63.66892,-168.95579,11.4921,4.5343
"21720","Gadus macrocephalus","Pacific cod",2021,71,"AA-19",63.67344,-169.66309,3.053,2.1811
"21720","Gadus macrocephalus","Pacific cod",2021,71,"BB-19",63.97117,-169.758,13.4011,11.282
"21720","Gadus macrocephalus","Pacific cod",2021,71,"BB-01",64.0121,-168.34172,7.1413,2.8106
"21720","Gadus macrocephalus","Pacific cod",2021,71,"BB-18",63.98995,-169.08425,22.1824,6.6341
"21720","Gadus macrocephalus","Pacific cod",2021,71,"ZZ-01",63.38473,-168.28983,16.1855,8.7598
"21720","Gadus macrocephalus","Pacific cod",2021,71,"AA-01",63.70083,-168.27584,4.41,1.5867
"21720","Gadus macrocephalus","Pacific cod",2021,71,"BB-10",64.00951,-161.54555,0,0
"21720","Gadus macrocephalus","Pacific cod",2021,71,"CC-01",64.32005,-168.34484,5.7988,1.2338
"21720","Gadus macrocephalus","Pacific cod",2021,71,"CC-18",64.34471,-169.08161,1.7451,0.4861
"21720","Gadus macrocephalus","Pacific cod",2021,71,"DD-01",64.64174,-168.32643,11.8987,2.505
"21720","Gadus macrocephalus","Pacific cod",2021,71,"FF-01",65.31198,-168.35819,28.2883,6.522
"21720","Gadus macrocephalus","Pacific cod",2021,71,"EE-01",64.98236,-168.34424,15.4848,3.9738
"21720","Gadus macrocephalus","Pacific cod",2021,71,"CC-02",64.3205,-167.57772,23.0617,5.5123
"21720","Gadus macrocephalus","Pacific cod",2021,71,"DD-02",64.64507,-167.60194,32.6716,7.0792
"21720","Gadus macrocephalus","Pacific cod",2021,71,"EE-02",64.98869,-167.63181,2.0901,1.7294
"21720","Gadus macrocephalus","Pacific cod",2021,71,"AA-05",63.66105,-165.34492,0,0
"21720","Gadus macrocephalus","Pacific cod",2021,71,"FF-02",65.2775,-167.89176,15.6093,3.436
"21720","Gadus macrocephalus","Pacific cod",2021,71,"CC-05",64.30178,-165.34492,0,0
"21720","Gadus macrocephalus","Pacific cod",2021,71,"CC-21",64.24166,-171.08404,0.6488,0.4701
"21720","Gadus macrocephalus","Pacific cod",2021,71,"AA-21",63.70028,-171.02252,0.0118,0.4732
"21720","Gadus macrocephalus","Pacific cod",2021,71,"CC-20",64.29068,-170.66118,2.6761,1.1515
"21720","Gadus macrocephalus","Pacific cod",2021,71,"CC-19",64.30595,-169.82369,0,0
"21720","Gadus macrocephalus","Pacific cod",2021,71,"DD-19",64.64579,-169.89469,3.3512,1.1086
"21720","Gadus macrocephalus","Pacific cod",2021,71,"EE-19",64.99945,-169.96937,11.0058,3.5406
"21720","Gadus macrocephalus","Pacific cod",2021,71,"DD-20",64.64771,-170.6413,0,0
"21720","Gadus macrocephalus","Pacific cod",2021,71,"FF-18",65.26033,-168.92355,12.2274,3.0162
"21720","Gadus macrocephalus","Pacific cod",2021,71,"EE-18",65.02319,-169.07422,4.85,1.1043
"21720","Gadus macrocephalus","Pacific cod",2021,71,"DD-18",64.66633,-169.13402,0.3598,0.2167
"21720","Gadus macrocephalus","Pacific cod",2021,71,"BB-22",64.02263,-171.79077,5.7913,1.4672
"21720","Gadus macrocephalus","Pacific cod",2021,71,"BB-20",64.00664,-170.55211,0.4618,0.2332
"21720","Gadus macrocephalus","Pacific cod",2021,81,"W-27",62.33336,-175.30178,37.7327,12.1829
"21720","Gadus macrocephalus","Pacific cod",2021,81,"X-26",62.64921,-174.63756,0,0
"21720","Gadus macrocephalus","Pacific cod",2021,81,"W-26",62.3255,-174.62059,2.1164,0.8581
"21720","Gadus macrocephalus","Pacific cod",2021,81,"X-25",62.67151,-173.91659,0,0
"21720","Gadus macrocephalus","Pacific cod",2021,81,"W-25",62.32907,-173.85659,32.1069,21.14
"21720","Gadus macrocephalus","Pacific cod",2021,81,"W-24",62.3374,-173.17016,12.3554,7.8259
"21720","Gadus macrocephalus","Pacific cod",2021,81,"X-23",62.66675,-172.46791,24.0607,12.7748
"21720","Gadus macrocephalus","Pacific cod",2021,81,"X-24",62.65133,-173.17363,0,0
"21720","Gadus macrocephalus","Pacific cod",2021,81,"Y-23",63.00412,-172.53643,0,0
"21720","Gadus macrocephalus","Pacific cod",2021,81,"U-21",61.66868,-170.90472,25.8878,19.597
"21720","Gadus macrocephalus","Pacific cod",2021,81,"T-21",61.34463,-170.86386,41.1993,23.4266
"21720","Gadus macrocephalus","Pacific cod",2021,81,"S-21",61.01249,-170.80509,13.2503,9.4073
"21720","Gadus macrocephalus","Pacific cod",2021,70,"Y-04",62.99276,-166.03151,0.0068,0.2265
"21720","Gadus macrocephalus","Pacific cod",2021,70,"Y-03",63.01403,-166.73532,1.2897,1.0957
"21720","Gadus macrocephalus","Pacific cod",2021,70,"Y-02",62.99893,-167.39735,9.7521,3.2254
"21720","Gadus macrocephalus","Pacific cod",2021,70,"X-01",62.64649,-168.21353,32.9448,31.4214
"21720","Gadus macrocephalus","Pacific cod",2021,70,"R-01",60.70601,-168.00952,1.2678,3.0398
"21720","Gadus macrocephalus","Pacific cod",2021,70,"X-22",62.67009,-171.84,4.3368,3.308
"21720","Gadus macrocephalus","Pacific cod",2021,70,"S-03",60.98278,-166.71497,0,0
"21720","Gadus macrocephalus","Pacific cod",2021,70,"T-03",61.37613,-166.7544,0,0
"21720","Gadus macrocephalus","Pacific cod",2021,70,"S-02",60.98621,-167.29103,0,0
"21720","Gadus macrocephalus","Pacific cod",2021,70,"T-02",61.31265,-167.3328,0,0
"21720","Gadus macrocephalus","Pacific cod",2021,70,"T-01",61.32838,-167.97889,0,0
"21720","Gadus macrocephalus","Pacific cod",2021,70,"T-19",61.33352,-169.39891,0.0647,0.9048
"21720","Gadus macrocephalus","Pacific cod",2021,70,"T-18",61.32462,-168.67401,0.9097,1.6826
"21720","Gadus macrocephalus","Pacific cod",2021,70,"S-19",61.00399,-169.45051,1.4772,6.8864
"21720","Gadus macrocephalus","Pacific cod",2021,70,"S-18",61.00798,-168.76828,1.068,3.8916
"21720","Gadus macrocephalus","Pacific cod",2021,70,"S-01",61.01816,-168.05647,0.1636,2.8449
"21720","Gadus macrocephalus","Pacific cod",2021,70,"R-02",60.64047,-167.34302,0.7976,0.2185
"21720","Gadus macrocephalus","Pacific cod",2021,70,"V-03",62.00706,-166.70526,0,0
"21720","Gadus macrocephalus","Pacific cod",2021,70,"R-03",60.67378,-166.7462,0,0
"21720","Gadus macrocephalus","Pacific cod",2021,70,"U-02",61.68276,-167.39724,0.938,0.2176
"21720","Gadus macrocephalus","Pacific cod",2021,70,"V-02",62.00425,-167.37032,0.8015,0.2245
"21720","Gadus macrocephalus","Pacific cod",2021,70,"R-19",60.67208,-169.39666,3.3195,33.472
"21720","Gadus macrocephalus","Pacific cod",2021,70,"U-18",61.66627,-168.76231,2.754,2.4995
"21720","Gadus macrocephalus","Pacific cod",2021,70,"U-19",61.66712,-169.44113,0.7249,3.0348
"21720","Gadus macrocephalus","Pacific cod",2021,70,"U-20",61.66996,-170.18502,42.122,36.2372
"21720","Gadus macrocephalus","Pacific cod",2021,70,"S-20",61.00841,-170.13479,3.7652,5.4598
"21720","Gadus macrocephalus","Pacific cod",2021,70,"T-20",61.33581,-170.20148,3.5149,2.5287
"21720","Gadus macrocephalus","Pacific cod",2021,70,"R-20",60.66973,-170.08103,7.4533,4.273
"21720","Gadus macrocephalus","Pacific cod",2021,70,"R-18",60.667,-168.72839,0.0742,12.2252
"21720","Gadus macrocephalus","Pacific cod",2021,70,"X-03",62.67692,-166.76832,0,0
"21720","Gadus macrocephalus","Pacific cod",2021,70,"X-02",62.66538,-167.51146,24.6739,5.9007
"21720","Gadus macrocephalus","Pacific cod",2021,70,"W-03",62.35196,-166.71847,0,0
"21720","Gadus macrocephalus","Pacific cod",2021,70,"W-01",62.3523,-168.14072,17.5928,8.9258
"21720","Gadus macrocephalus","Pacific cod",2021,70,"W-02",62.3337,-167.49322,3.3267,0.4459
"21720","Gadus macrocephalus","Pacific cod",2021,70,"W-19",62.33093,-169.58848,33.3701,25.3799
"21720","Gadus macrocephalus","Pacific cod",2021,70,"W-18",62.32918,-168.84725,238.1295,187.0643
"21720","Gadus macrocephalus","Pacific cod",2021,70,"V-19",62.03037,-169.55377,38.4149,23.7762
"21720","Gadus macrocephalus","Pacific cod",2021,70,"V-01",62.00931,-168.15057,2.2352,0.4366
"21720","Gadus macrocephalus","Pacific cod",2021,70,"V-18",61.99472,-168.82572,3.6956,1.1695
"21720","Gadus macrocephalus","Pacific cod",2021,70,"U-01",61.69325,-168.08264,0.0156,0.2234
"21720","Gadus macrocephalus","Pacific cod",2021,70,"U-03",61.66843,-166.75178,1.0464,0.2468
"21720","Gadus macrocephalus","Pacific cod",2021,70,"X-19",62.6501,-169.64048,17.8061,6.3661
"21720","Gadus macrocephalus","Pacific cod",2021,70,"X-18",62.6458,-168.91021,43.2527,14.4081
"21720","Gadus macrocephalus","Pacific cod",2021,70,"Y-01",62.98435,-168.20067,33.439,18.1039
"21720","Gadus macrocephalus","Pacific cod",2021,70,"Y-18",62.8552,-168.84195,33.6126,11.633
"21720","Gadus macrocephalus","Pacific cod",2021,70,"V-21",61.96982,-171.08342,1.4207,0.5863
"21720","Gadus macrocephalus","Pacific cod",2021,70,"V-20",61.99482,-170.28272,8.0281,3.9795
"21720","Gadus macrocephalus","Pacific cod",2021,70,"W-20",62.29353,-170.27166,6.5256,1.157
"21720","Gadus macrocephalus","Pacific cod",2021,70,"X-21",62.6296,-170.96532,8.7764,4.4528
"21720","Gadus macrocephalus","Pacific cod",2021,70,"W-21",62.33164,-170.96876,10.372,4.0115
"21720","Gadus macrocephalus","Pacific cod",2021,70,"Y-21",62.99213,-171.10626,21.2539,7.9492
"21720","Gadus macrocephalus","Pacific cod",2021,70,"Y-20",62.95266,-170.50533,5.2585,3.4445
"21720","Gadus macrocephalus","Pacific cod",2021,70,"ZZ-21",63.20622,-171.17284,3.71,1.8344
"21720","Gadus macrocephalus","Pacific cod",2021,70,"X-20",62.68677,-170.36149,16.4329,8.7565
"21720","Gadus macrocephalus","Pacific cod",2021,70,"V-22",62.03713,-171.65276,0.7811,0.6491
"21720","Gadus macrocephalus","Pacific cod",2021,70,"Y-22",63.00672,-171.74037,0.4424,0.2102
"21720","Gadus macrocephalus","Pacific cod",2021,70,"ZZ-22",63.24549,-171.96886,0,0
"21720","Gadus macrocephalus","Pacific cod",2021,70,"AA-22",63.52304,-171.98909,8.2424,3.1909
"21720","Gadus macrocephalus","Pacific cod",2021,71,"ZZ-03",63.33383,-166.69584,2.6876,0.6753
"21720","Gadus macrocephalus","Pacific cod",2021,71,"ZZ-04",63.31956,-166.00415,1.1197,1.0797
"21720","Gadus macrocephalus","Pacific cod",2021,71,"BB-05",63.98058,-165.31135,0,0
"21720","Gadus macrocephalus","Pacific cod",2021,71,"BB-06",64.00063,-164.59794,0,0
"21720","Gadus macrocephalus","Pacific cod",2021,71,"CC-06",64.33172,-164.59597,0,0
"21720","Gadus macrocephalus","Pacific cod",2021,71,"BB-07",64.00061,-163.86988,0,0
"21720","Gadus macrocephalus","Pacific cod",2019,70,"U-02",61.65455,-167.39978,0,0
"21720","Gadus macrocephalus","Pacific cod",2019,70,"Y-21",63.01457,-171.12647,10.978,6.3788
"21720","Gadus macrocephalus","Pacific cod",2019,70,"Y-01",63.0183,-168.21669,23.4881,16.7017
"21720","Gadus macrocephalus","Pacific cod",2019,70,"W-01",62.35588,-168.14039,19.6574,54.3169
"21720","Gadus macrocephalus","Pacific cod",2019,70,"Y-04",63.01326,-166.02851,0,0
"21720","Gadus macrocephalus","Pacific cod",2019,70,"Y-03",63.0176,-166.74338,9.7055,4.3303
"21720","Gadus macrocephalus","Pacific cod",2019,70,"W-03",62.3525,-166.74211,0,0
"21720","Gadus macrocephalus","Pacific cod",2019,70,"X-03",62.6729,-166.73227,0.6997,0.22
"21720","Gadus macrocephalus","Pacific cod",2019,70,"V-03",62.0176,-166.69015,0,0
"21720","Gadus macrocephalus","Pacific cod",2019,70,"W-02",62.32335,-167.43727,1.5143,6.7356
"21720","Gadus macrocephalus","Pacific cod",2019,70,"V-02",61.97795,-167.41862,1.5891,0.6965
"21720","Gadus macrocephalus","Pacific cod",2019,70,"X-02",62.65673,-167.44767,11.6856,27.3606
"21720","Gadus macrocephalus","Pacific cod",2019,70,"ZZ-21",63.27878,-171.12961,1.8475,0.8417
"21720","Gadus macrocephalus","Pacific cod",2019,70,"V-21",62.01016,-170.98117,24.0995,9.2577
"21720","Gadus macrocephalus","Pacific cod",2019,70,"R-18",60.66753,-168.67325,0.4928,7.3704
"21720","Gadus macrocephalus","Pacific cod",2019,70,"R-19",60.67605,-169.34569,3.2077,5.3695
"21720","Gadus macrocephalus","Pacific cod",2019,70,"V-22",61.97314,-171.65201,29.242,17.9476
"21720","Gadus macrocephalus","Pacific cod",2019,70,"W-21",62.34143,-171.07285,29.7372,16.0215
"21720","Gadus macrocephalus","Pacific cod",2019,70,"T-03",61.34322,-166.67566,0,0
"21720","Gadus macrocephalus","Pacific cod",2019,70,"R-03",60.67659,-166.6225,0,0
"21720","Gadus macrocephalus","Pacific cod",2019,70,"S-03",61.0111,-166.64916,0,0
"21720","Gadus macrocephalus","Pacific cod",2019,70,"S-02",61.00198,-167.3394,0,0
"21720","Gadus macrocephalus","Pacific cod",2019,70,"R-02",60.66506,-167.30258,0.0063,0.2084
"21720","Gadus macrocephalus","Pacific cod",2019,70,"S-01",60.99756,-168.01011,0,0
"21720","Gadus macrocephalus","Pacific cod",2019,70,"R-01",60.6782,-168.01839,0,0
"21720","Gadus macrocephalus","Pacific cod",2019,70,"S-18",60.99762,-168.68906,0.692,8.517
"21720","Gadus macrocephalus","Pacific cod",2019,70,"Y-18",62.88519,-168.82755,17.6743,22.082
"21720","Gadus macrocephalus","Pacific cod",2019,70,"X-18",62.67784,-168.86977,71.1597,43.7906
"21720","Gadus macrocephalus","Pacific cod",2019,70,"X-01",62.68036,-168.17886,25.0672,35.4685
"21720","Gadus macrocephalus","Pacific cod",2019,70,"V-18",62.01017,-168.84183,36.0422,51.6367
"21720","Gadus macrocephalus","Pacific cod",2019,70,"W-18",62.34609,-168.84859,49.476,29.8904
"21720","Gadus macrocephalus","Pacific cod",2019,70,"V-01",62.01081,-168.12305,7.7452,12.185
"21720","Gadus macrocephalus","Pacific cod",2019,70,"U-18",61.66567,-168.77762,5.8975,36.2821
"21720","Gadus macrocephalus","Pacific cod",2019,70,"U-01",61.67864,-168.08705,1.2723,0.6304
"21720","Gadus macrocephalus","Pacific cod",2019,70,"T-18",61.3408,-168.76756,0.8486,5.7831
"21720","Gadus macrocephalus","Pacific cod",2019,70,"T-01",61.329,-168.11093,0.9539,0.2218
"21720","Gadus macrocephalus","Pacific cod",2019,70,"T-02",61.33932,-167.39129,0,0
"21720","Gadus macrocephalus","Pacific cod",2019,70,"U-03",61.6592,-166.74304,0,0
"21720","Gadus macrocephalus","Pacific cod",2019,70,"T-20",61.34999,-170.17054,12.3709,13.7454
"21720","Gadus macrocephalus","Pacific cod",2019,70,"S-19",61.01003,-169.40997,2.3891,15.1848
"21720","Gadus macrocephalus","Pacific cod",2019,70,"T-19",61.33962,-169.4601,1.236,4.0277
"21720","Gadus macrocephalus","Pacific cod",2019,70,"S-20",60.99273,-170.0469,26.5974,10.3964
"21720","Gadus macrocephalus","Pacific cod",2019,70,"R-20",60.67623,-170.10849,20.5821,12.0949
"21720","Gadus macrocephalus","Pacific cod",2019,70,"AA-22",63.70331,-172.06156,33.0853,24.6321
"21720","Gadus macrocephalus","Pacific cod",2019,70,"ZZ-22",63.30671,-172.00566,28.1798,18.4111
"21720","Gadus macrocephalus","Pacific cod",2019,70,"Y-20",62.95381,-170.52061,21.8078,15.3576
"21720","Gadus macrocephalus","Pacific cod",2019,70,"X-20",62.67244,-170.35641,30.5075,22.6105
"21720","Gadus macrocephalus","Pacific cod",2019,70,"X-21",62.68828,-171.09095,13.2757,7.1307
"21720","Gadus macrocephalus","Pacific cod",2019,70,"W-19",62.35878,-169.59355,22.8227,19.2521
"21720","Gadus macrocephalus","Pacific cod",2019,70,"X-19",62.67695,-169.6703,41.7312,25.3486
"21720","Gadus macrocephalus","Pacific cod",2019,70,"W-20",62.32116,-170.25895,18.5105,18.2029
"21720","Gadus macrocephalus","Pacific cod",2019,70,"V-19",61.99596,-169.58631,26.7158,26.9857
"21720","Gadus macrocephalus","Pacific cod",2019,70,"V-20",61.99812,-170.26904,22.3697,16.5387
"21720","Gadus macrocephalus","Pacific cod",2019,70,"U-19",61.68279,-169.49552,5.6909,33.9084
"21720","Gadus macrocephalus","Pacific cod",2019,70,"U-20",61.6742,-170.16011,38.1763,28.712
"21720","Gadus macrocephalus","Pacific cod",2019,70,"X-22",62.66478,-171.84878,15.6017,9.508
"21720","Gadus macrocephalus","Pacific cod",2019,70,"Y-22",62.9616,-171.80499,12.0595,7.4573
"21720","Gadus macrocephalus","Pacific cod",2019,70,"Y-02",62.98615,-167.48567,5.2123,2.0281
"21720","Gadus macrocephalus","Pacific cod",2019,71,"ZZ-02",63.33041,-167.51502,11.8615,5.4203
"21720","Gadus macrocephalus","Pacific cod",2019,71,"AA-03",63.678,-166.7894,2.46,5.0903
"21720","Gadus macrocephalus","Pacific cod",2019,71,"BB-03",64.01062,-166.81057,3.6158,3.1481
"21720","Gadus macrocephalus","Pacific cod",2019,71,"AA-04",63.66075,-166.06117,1.2079,2.3476
"21720","Gadus macrocephalus","Pacific cod",2019,71,"BB-04",63.99075,-166.05424,0.0675,1.4474
"21720","Gadus macrocephalus","Pacific cod",2019,71,"AA-02",63.6825,-167.49157,16.2654,10.6381
"21720","Gadus macrocephalus","Pacific cod",2019,71,"ZZ-01",63.35289,-168.26484,44.3979,44.1659
"21720","Gadus macrocephalus","Pacific cod",2019,71,"AA-01",63.68253,-168.2543,7.2362,2.4704
"21720","Gadus macrocephalus","Pacific cod",2019,71,"ZZ-05",63.3328,-165.27648,0,0
"21720","Gadus macrocephalus","Pacific cod",2019,71,"ZZ-03",63.34904,-166.76549,4.3011,2.3659
"21720","Gadus macrocephalus","Pacific cod",2019,71,"BB-08",64.0021,-163.09207,0,0
"21720","Gadus macrocephalus","Pacific cod",2019,71,"CC-08",64.24656,-163.1549,0,0
"21720","Gadus macrocephalus","Pacific cod",2019,71,"CC-09",64.33168,-162.30487,0,0
"21720","Gadus macrocephalus","Pacific cod",2019,71,"BB-10",64.0103,-161.52865,0,0
"21720","Gadus macrocephalus","Pacific cod",2019,71,"CC-10",64.32452,-161.58357,0,0
"21720","Gadus macrocephalus","Pacific cod",2019,71,"AA-08",63.66949,-163.02229,0,0
"21720","Gadus macrocephalus","Pacific cod",2019,71,"BB-09",63.99902,-162.28585,0,0
"21720","Gadus macrocephalus","Pacific cod",2019,71,"AA-07",63.6639,-163.78148,0,0
"21720","Gadus macrocephalus","Pacific cod",2019,71,"AA-06",63.67248,-164.54212,0,0
"21720","Gadus macrocephalus","Pacific cod",2019,71,"AA-05",63.66492,-165.27958,0,0
"21720","Gadus macrocephalus","Pacific cod",2019,71,"ZZ-04",63.33477,-166.00965,1.3091,0.2215
"21720","Gadus macrocephalus","Pacific cod",2019,71,"CC-05",64.34148,-165.34574,0,0
"21720","Gadus macrocephalus","Pacific cod",2019,71,"BB-06",64.00193,-164.57754,0,0
"21720","Gadus macrocephalus","Pacific cod",2019,71,"BB-05",64.02649,-165.31826,0,0
"21720","Gadus macrocephalus","Pacific cod",2019,71,"CC-06",64.32562,-164.56143,0,0
"21720","Gadus macrocephalus","Pacific cod",2019,71,"BB-07",64.01394,-163.76942,0,0
"21720","Gadus macrocephalus","Pacific cod",2019,71,"CC-07",64.33999,-163.81224,0,0
"21720","Gadus macrocephalus","Pacific cod",2019,71,"CC-19",64.29052,-169.82172,45.9786,10.1764
"21720","Gadus macrocephalus","Pacific cod",2019,71,"CC-18",64.31723,-169.07303,14.0563,3.4954
"21720","Gadus macrocephalus","Pacific cod",2019,71,"DD-19",64.65048,-169.87195,38.9361,7.8809
"21720","Gadus macrocephalus","Pacific cod",2019,71,"DD-18",64.65492,-169.11008,79.4193,19.9546
"21720","Gadus macrocephalus","Pacific cod",2019,71,"DD-20",64.64478,-170.62317,24.6486,8.8398
"21720","Gadus macrocephalus","Pacific cod",2019,71,"CC-20",64.34217,-170.58329,29.4123,11.3124
"21720","Gadus macrocephalus","Pacific cod",2019,71,"CC-21",64.24084,-171.08231,33.0537,14.7753
"21720","Gadus macrocephalus","Pacific cod",2019,71,"AA-21",63.69896,-171.05009,0.0822,1.2851
"21720","Gadus macrocephalus","Pacific cod",2019,71,"BB-20",64.00583,-170.55877,31.7966,20.6941
"21720","Gadus macrocephalus","Pacific cod",2019,71,"BB-21",64.03936,-171.36943,326.9381,110.0794
"21720","Gadus macrocephalus","Pacific cod",2019,71,"EE-18",65.00613,-169.14027,31.2154,6.8628
"21720","Gadus macrocephalus","Pacific cod",2019,71,"DD-01",64.67403,-168.36262,5.2335,1.2954
"21720","Gadus macrocephalus","Pacific cod",2019,71,"CC-01",64.32949,-168.34927,28.1897,9.2661
"21720","Gadus macrocephalus","Pacific cod",2019,71,"CC-02",64.32765,-167.63153,16.201,21.724
"21720","Gadus macrocephalus","Pacific cod",2019,71,"BB-01",64.01826,-168.25523,2.5519,0.477
"21720","Gadus macrocephalus","Pacific cod",2019,71,"BB-02",64.00734,-167.54238,14.9951,9.5815
"21720","Gadus macrocephalus","Pacific cod",2019,71,"BB-18",63.95853,-169.0653,53.6537,19.6954
"21720","Gadus macrocephalus","Pacific cod",2019,71,"AA-19",63.64422,-169.75133,16.5569,5.9768
"21720","Gadus macrocephalus","Pacific cod",2019,71,"AA-18",63.67969,-168.99857,48.1455,13.3024
"21720","Gadus macrocephalus","Pacific cod",2019,71,"BB-19",63.97691,-169.76691,84.0381,31.6246
"21720","Gadus macrocephalus","Pacific cod",2019,71,"CC-04",64.33135,-166.01553,0,0
"21720","Gadus macrocephalus","Pacific cod",2019,71,"CC-03",64.32683,-166.82669,2.2033,2.3193
"21720","Gadus macrocephalus","Pacific cod",2019,71,"DD-02",64.66144,-167.60254,88.256,26.9059
"21720","Gadus macrocephalus","Pacific cod",2019,71,"DD-03",64.64538,-166.8071,0.1097,2.1937
"21720","Gadus macrocephalus","Pacific cod",2019,71,"FF-02",65.29108,-167.65873,83.6995,22.2553
"21720","Gadus macrocephalus","Pacific cod",2019,71,"EE-02",64.99464,-167.63304,10.8019,5.7867
"21720","Gadus macrocephalus","Pacific cod",2019,71,"FF-01",65.33323,-168.3589,39.2891,13.4213
"21720","Gadus macrocephalus","Pacific cod",2019,71,"FF-18",65.23569,-168.89503,31.3946,8.6606
"21720","Gadus macrocephalus","Pacific cod",2019,71,"EE-19",65.00346,-169.92351,22.193,5.6442
"21720","Gadus macrocephalus","Pacific cod",2019,71,"EE-01",65.01327,-168.35982,58.7422,19.4751
"21720","Gadus macrocephalus","Pacific cod",2019,71,"BB-22",64.0086,-171.99587,36.3055,12.3324
"21720","Gadus macrocephalus","Pacific cod",2019,81,"U-23",61.65069,-172.33413,13.0438,4.5753
"21720","Gadus macrocephalus","Pacific cod",2019,81,"X-23",62.66838,-172.53545,28.977,11.0451
"21720","Gadus macrocephalus","Pacific cod",2019,81,"U-22",61.69169,-171.55195,21.1863,7.6216
"21720","Gadus macrocephalus","Pacific cod",2019,81,"U-21",61.66214,-170.9131,7.1075,2.1861
"21720","Gadus macrocephalus","Pacific cod",2019,81,"T-21",61.32737,-170.84864,39.7894,16.1702
"21720","Gadus macrocephalus","Pacific cod",2019,81,"U-24",61.68986,-173.09232,29.1164,10.1084
"21720","Gadus macrocephalus","Pacific cod",2019,81,"V-24",62.01951,-173.08485,59.3736,20.2246
"21720","Gadus macrocephalus","Pacific cod",2019,81,"T-24",61.34522,-172.93641,18.7552,8.9746
"21720","Gadus macrocephalus","Pacific cod",2019,81,"T-23",61.33394,-172.30297,22.9394,7.4194
"21720","Gadus macrocephalus","Pacific cod",2019,81,"Y-23",63.03515,-172.6095,8.2178,4.0087
"21720","Gadus macrocephalus","Pacific cod",2019,81,"W-27",62.30649,-175.3341,9.7839,2.7286
"21720","Gadus macrocephalus","Pacific cod",2019,81,"W-25",62.3338,-173.89003,16.7711,8.6513
"21720","Gadus macrocephalus","Pacific cod",2019,81,"W-26",62.33363,-174.59758,11.002,3.5025
"21720","Gadus macrocephalus","Pacific cod",2019,81,"W-24",62.33432,-173.18268,18.7937,10.215
"21720","Gadus macrocephalus","Pacific cod",2019,81,"V-23",62.02148,-172.37513,22.0775,9.3392
"21720","Gadus macrocephalus","Pacific cod",2019,81,"W-23",62.33659,-172.47037,6.7469,4.0747
"21720","Gadus macrocephalus","Pacific cod",2019,81,"W-22",62.3127,-171.72417,5.2576,3.0416
"21720","Gadus macrocephalus","Pacific cod",2019,81,"ZZ-24",63.33568,-173.37831,11.0406,3.6002
"21720","Gadus macrocephalus","Pacific cod",2019,81,"S-21",60.99418,-170.74406,11.1084,11.3003
"21720","Gadus macrocephalus","Pacific cod",2019,81,"R-21",60.68104,-170.78346,38.8619,13.414
"21720","Gadus macrocephalus","Pacific cod",2019,81,"AA-23",63.65857,-172.74934,8.1183,4.2621
"21720","Gadus macrocephalus","Pacific cod",2019,81,"ZZ-23",63.32958,-172.62054,14.1203,6.5629
"21720","Gadus macrocephalus","Pacific cod",2019,81,"Y-25",63.00002,-173.97988,1.6432,0.6639
"21720","Gadus macrocephalus","Pacific cod",2019,81,"Y-24",63.02231,-173.2834,4.4289,1.2024
"21720","Gadus macrocephalus","Pacific cod",2019,81,"X-26",62.67695,-174.60709,5.1272,1.3099
"21720","Gadus macrocephalus","Pacific cod",2019,81,"X-24",62.67963,-173.19498,7.6735,2.355
"21720","Gadus macrocephalus","Pacific cod",2019,81,"X-25",62.6431,-173.90832,0.9346,0.383
"21720","Gadus macrocephalus","Pacific cod",2019,81,"T-22",61.34953,-171.50395,18.4025,10.346
"21720","Gadus macrocephalus","Pacific cod",2017,71,"FF-02",65.26942,-167.87927,30.9457,10.8997
"21720","Gadus macrocephalus","Pacific cod",2017,71,"EE-02",64.98148,-167.61734,0.8978,0.2302
"21720","Gadus macrocephalus","Pacific cod",2017,71,"FF-01",65.33807,-168.37856,49.3285,16.5944
"21720","Gadus macrocephalus","Pacific cod",2017,71,"DD-18",64.66028,-169.14002,23.8769,8.4073
"21720","Gadus macrocephalus","Pacific cod",2017,71,"EE-01",65.0139,-168.34379,32.6269,14.5412
"21720","Gadus macrocephalus","Pacific cod",2017,71,"DD-01",64.67169,-168.36794,19.5258,14.6384
"21720","Gadus macrocephalus","Pacific cod",2017,71,"BB-22",63.99258,-172.05101,14.1308,5.088
"21720","Gadus macrocephalus","Pacific cod",2017,71,"BB-21",64.05312,-171.3413,92.6658,35.2039
"21720","Gadus macrocephalus","Pacific cod",2017,71,"DD-20",64.61188,-170.68475,13.8045,7.6221
"21720","Gadus macrocephalus","Pacific cod",2017,71,"DD-19",64.64471,-169.89549,35.0857,9.5412
"21720","Gadus macrocephalus","Pacific cod",2017,71,"EE-18",65.02583,-169.09796,53.4543,27.2066
"21720","Gadus macrocephalus","Pacific cod",2017,71,"CC-08",64.25758,-163.10419,0,0
"21720","Gadus macrocephalus","Pacific cod",2017,71,"DD-03",64.66608,-166.8257,7.4565,2.6731
"21720","Gadus macrocephalus","Pacific cod",2017,71,"CC-04",64.33113,-166.08866,7.2271,1.6696
"21720","Gadus macrocephalus","Pacific cod",2017,71,"CC-03",64.35209,-166.84163,39.5061,15.8719
"21720","Gadus macrocephalus","Pacific cod",2017,70,"Y-22",63.01304,-171.79938,18.6327,6.2782
"21720","Gadus macrocephalus","Pacific cod",2017,70,"ZZ-22",63.32284,-171.90317,4.2011,1.7078
"21720","Gadus macrocephalus","Pacific cod",2017,70,"X-22",62.68117,-171.81728,0.6427,0.238
"21720","Gadus macrocephalus","Pacific cod",2017,70,"ZZ-21",63.27347,-171.12473,25.1732,10.527
"21720","Gadus macrocephalus","Pacific cod",2017,70,"Y-20",62.95094,-170.49839,64.5757,30.2132
"21720","Gadus macrocephalus","Pacific cod",2017,70,"Y-21",62.99721,-171.14772,17.6252,6.9547
"21720","Gadus macrocephalus","Pacific cod",2017,70,"V-18",61.98309,-168.84004,35.0651,19.4321
"21720","Gadus macrocephalus","Pacific cod",2017,70,"X-19",62.67648,-169.57618,169.5524,67.9045
"21720","Gadus macrocephalus","Pacific cod",2017,70,"U-18",61.65359,-168.80168,21.0489,19.1405
"21720","Gadus macrocephalus","Pacific cod",2017,70,"V-19",61.99561,-169.54919,20.3499,8.0769
"21720","Gadus macrocephalus","Pacific cod",2017,70,"U-19",61.65301,-169.49895,19.2041,7.9832
"21720","Gadus macrocephalus","Pacific cod",2017,70,"W-19",62.34563,-169.5954,52.2296,26.6601
"21720","Gadus macrocephalus","Pacific cod",2017,70,"V-20",61.99046,-170.25662,1.4953,0.4398
"21720","Gadus macrocephalus","Pacific cod",2017,70,"W-21",62.34958,-171.06491,37.8692,13.1795
"21720","Gadus macrocephalus","Pacific cod",2017,70,"T-20",61.34416,-170.17862,15.8785,8.3211
"21720","Gadus macrocephalus","Pacific cod",2017,70,"U-20",61.68569,-170.22311,25.2625,15.4571
"21720","Gadus macrocephalus","Pacific cod",2017,70,"S-20",61.00823,-170.13351,16.8435,8.9985
"21720","Gadus macrocephalus","Pacific cod",2017,70,"R-18",60.6541,-168.71172,2.0446,5.3077
"21720","Gadus macrocephalus","Pacific cod",2017,70,"R-20",60.68748,-170.05839,24.6138,11.2471
"21720","Gadus macrocephalus","Pacific cod",2017,70,"S-18",60.98135,-168.71086,0.3595,2.6966
"21720","Gadus macrocephalus","Pacific cod",2017,70,"T-18",61.31719,-168.74052,0.0076,0.2173
"21720","Gadus macrocephalus","Pacific cod",2017,70,"Y-18",62.94433,-168.97267,51.2119,25.1253
"21720","Gadus macrocephalus","Pacific cod",2017,70,"W-18",62.34575,-168.86793,47.6614,26.5142
"21720","Gadus macrocephalus","Pacific cod",2017,70,"U-01",61.6809,-168.09961,9.2721,5.2304
"21720","Gadus macrocephalus","Pacific cod",2017,70,"X-18",62.67291,-168.89126,81.235,39.8141
"21720","Gadus macrocephalus","Pacific cod",2017,70,"V-21",61.99623,-170.9878,2.5647,1.4788
"21720","Gadus macrocephalus","Pacific cod",2017,70,"U-02",61.6908,-167.41261,0,0
"21720","Gadus macrocephalus","Pacific cod",2017,70,"S-02",61.00994,-167.33526,0,0
"21720","Gadus macrocephalus","Pacific cod",2017,70,"T-02",61.35742,-167.3683,0.6387,0.2249
"21720","Gadus macrocephalus","Pacific cod",2017,70,"R-02",60.68686,-167.3131,0.5858,0.2138
"21720","Gadus macrocephalus","Pacific cod",2017,70,"U-03",61.63282,-166.74006,0,0
"21720","Gadus macrocephalus","Pacific cod",2017,70,"W-03",62.31264,-166.72983,0,0
"21720","Gadus macrocephalus","Pacific cod",2017,70,"V-03",61.98632,-166.70206,0.4524,0.2217
"21720","Gadus macrocephalus","Pacific cod",2017,70,"Y-03",62.97934,-166.74853,7.469,2.5388
"21720","Gadus macrocephalus","Pacific cod",2017,70,"X-03",62.63023,-166.74736,10.6276,3.446
"21720","Gadus macrocephalus","Pacific cod",2017,70,"Y-04",63.00227,-166.06244,0.0078,0.457
"21720","Gadus macrocephalus","Pacific cod",2017,70,"R-19",60.65761,-169.3748,4.2548,3.666
"21720","Gadus macrocephalus","Pacific cod",2017,70,"S-19",60.98503,-169.43187,11.6346,10.7001
"21720","Gadus macrocephalus","Pacific cod",2017,70,"R-03",60.65017,-166.64281,0,0
"21720","Gadus macrocephalus","Pacific cod",2017,70,"T-19",61.31405,-169.46294,16.7348,14.3286
"21720","Gadus macrocephalus","Pacific cod",2017,70,"S-03",60.99672,-166.66419,0,0
"21720","Gadus macrocephalus","Pacific cod",2017,70,"T-03",61.31672,-166.90655,0,0
"21720","Gadus macrocephalus","Pacific cod",2017,70,"V-22",61.99969,-171.67626,11.4456,4.4291
"21720","Gadus macrocephalus","Pacific cod",2017,70,"Y-01",63.01667,-168.23427,14.4094,6.3849
"21720","Gadus macrocephalus","Pacific cod",2017,71,"CC-21",64.3118,-171.26742,24.4691,9.2439
"21720","Gadus macrocephalus","Pacific cod",2017,71,"BB-20",63.98111,-170.56345,15.8657,9.6377
"21720","Gadus macrocephalus","Pacific cod",2017,71,"CC-20",64.28829,-170.67246,61.2027,58.3479
"21720","Gadus macrocephalus","Pacific cod",2017,71,"CC-19",64.30315,-169.82305,11.5624,2.9088
"21720","Gadus macrocephalus","Pacific cod",2017,71,"ZZ-02",63.34345,-167.5048,9.3073,5.7049
"21720","Gadus macrocephalus","Pacific cod",2017,71,"CC-01",64.34105,-168.32584,28.53,13.2583
"21720","Gadus macrocephalus","Pacific cod",2017,71,"CC-18",64.30449,-169.12555,21.7551,12.9919
"21720","Gadus macrocephalus","Pacific cod",2017,71,"BB-19",64.00349,-169.81069,18.2187,12.9075
"21720","Gadus macrocephalus","Pacific cod",2017,71,"BB-18",64.02027,-169.04763,12.9398,4.9171
"21720","Gadus macrocephalus","Pacific cod",2017,71,"AA-19",63.67893,-169.75783,2.7257,2.8692
"21720","Gadus macrocephalus","Pacific cod",2017,71,"AA-18",63.68148,-169.00066,52.1141,19.2644
"21720","Gadus macrocephalus","Pacific cod",2017,71,"BB-01",64.01933,-168.29667,31.1487,12.9449
"21720","Gadus macrocephalus","Pacific cod",2017,71,"AA-02",63.67909,-167.52507,8.1823,4.7906
"21720","Gadus macrocephalus","Pacific cod",2017,71,"BB-02",64.04112,-167.56903,25.5108,10.3703
"21720","Gadus macrocephalus","Pacific cod",2017,71,"AA-01",63.67996,-168.29533,29.5826,13.3701
"21720","Gadus macrocephalus","Pacific cod",2017,71,"ZZ-01",63.33784,-168.24018,5.0869,2.1801
"21720","Gadus macrocephalus","Pacific cod",2017,71,"EE-19",65.01595,-169.88722,13.5617,4.9354
"21720","Gadus macrocephalus","Pacific cod",2017,71,"FF-18",65.23036,-168.89476,95.5585,30.1214
"21720","Gadus macrocephalus","Pacific cod",2017,71,"CC-02",64.31684,-167.57655,23.8558,14.7815
"21720","Gadus macrocephalus","Pacific cod",2017,71,"DD-02",64.71738,-167.60807,28.4241,8.0005
"21720","Gadus macrocephalus","Pacific cod",2017,71,"AA-04",63.68999,-166.05712,17.8645,5.5853
"21720","Gadus macrocephalus","Pacific cod",2017,71,"AA-03",63.67673,-166.80407,3.8762,1.8274
"21720","Gadus macrocephalus","Pacific cod",2017,71,"ZZ-03",63.3228,-166.7912,8.52,3.3927
"21720","Gadus macrocephalus","Pacific cod",2017,71,"CC-10",64.32334,-161.53573,0,0
"21720","Gadus macrocephalus","Pacific cod",2017,71,"BB-10",63.97908,-161.52082,0,0
"21720","Gadus macrocephalus","Pacific cod",2017,71,"CC-09",64.34302,-162.25634,0,0
"21720","Gadus macrocephalus","Pacific cod",2017,71,"AA-08",63.65409,-163.06635,0,0
"21720","Gadus macrocephalus","Pacific cod",2017,71,"BB-08",63.98433,-163.05843,0,0
"21720","Gadus macrocephalus","Pacific cod",2017,71,"BB-09",64.00596,-162.36138,0,0
"21720","Gadus macrocephalus","Pacific cod",2017,71,"BB-07",64.01406,-163.7894,0,0
"21720","Gadus macrocephalus","Pacific cod",2017,71,"CC-07",64.35113,-163.78507,0,0
"21720","Gadus macrocephalus","Pacific cod",2017,71,"CC-06",64.33636,-164.55557,0,0
"21720","Gadus macrocephalus","Pacific cod",2017,71,"BB-06",63.99192,-164.51566,0,0
"21720","Gadus macrocephalus","Pacific cod",2017,71,"CC-05",64.34224,-165.35309,0,0
"21720","Gadus macrocephalus","Pacific cod",2017,71,"BB-05",64.02764,-165.31257,0,0
"21720","Gadus macrocephalus","Pacific cod",2017,71,"BB-04",64.00615,-166.05828,20.6365,5.1081
"21720","Gadus macrocephalus","Pacific cod",2017,71,"BB-03",64.01154,-166.82041,33.6657,11.9196
"21720","Gadus macrocephalus","Pacific cod",2017,71,"ZZ-05",63.31236,-165.34261,0.8205,0.2486
"21720","Gadus macrocephalus","Pacific cod",2017,71,"ZZ-04",63.32407,-166.03012,12.4947,4.7062
"21720","Gadus macrocephalus","Pacific cod",2017,71,"AA-05",63.63887,-165.35388,0,0
"21720","Gadus macrocephalus","Pacific cod",2017,71,"AA-07",63.67083,-163.85737,0,0
"21720","Gadus macrocephalus","Pacific cod",2017,71,"AA-06",63.6767,-164.63987,0,0
"21720","Gadus macrocephalus","Pacific cod",2017,81,"ZZ-24",63.33622,-173.43973,1.9653,1.3249
"21720","Gadus macrocephalus","Pacific cod",2017,81,"T-22",61.34348,-171.5155,2.1474,1.9889
"21720","Gadus macrocephalus","Pacific cod",2017,81,"Y-23",62.99547,-172.60447,0.0323,0.1958
"21720","Gadus macrocephalus","Pacific cod",2017,81,"AA-23",63.66189,-172.75738,11.1211,4.2691
"21720","Gadus macrocephalus","Pacific cod",2017,81,"ZZ-23",63.31209,-172.69496,6.3306,2.6895
"21720","Gadus macrocephalus","Pacific cod",2017,81,"X-26",62.65832,-174.63451,1.2255,0.6127
"21720","Gadus macrocephalus","Pacific cod",2017,81,"X-23",62.65666,-172.45506,0.9799,0.4454
"21720","Gadus macrocephalus","Pacific cod",2017,81,"X-25",62.66685,-173.93349,0.1114,0.2786
"21720","Gadus macrocephalus","Pacific cod",2017,81,"Y-25",62.9809,-173.99331,0.1526,0.1908
"21720","Gadus macrocephalus","Pacific cod",2017,81,"X-24",62.65731,-173.18847,0,0
"21720","Gadus macrocephalus","Pacific cod",2017,81,"U-22",61.68644,-171.58939,0.706,0.4525
"21720","Gadus macrocephalus","Pacific cod",2017,81,"W-27",62.3355,-175.32548,1.2277,1.4419
"21720","Gadus macrocephalus","Pacific cod",2017,81,"W-26",62.34059,-174.67199,0,0
"21720","Gadus macrocephalus","Pacific cod",2017,81,"W-25",62.34133,-173.91059,0,0
"21720","Gadus macrocephalus","Pacific cod",2017,81,"W-23",62.33077,-172.47259,0.2713,0.6564
"21720","Gadus macrocephalus","Pacific cod",2017,81,"W-24",62.34279,-173.20171,0,0
"21720","Gadus macrocephalus","Pacific cod",2017,81,"W-22",62.33723,-171.75435,9.6581,3.6189
"21720","Gadus macrocephalus","Pacific cod",2017,81,"U-21",61.68781,-170.91189,2.6831,1.7565
"21720","Gadus macrocephalus","Pacific cod",2017,81,"S-21",61.01563,-170.81642,0.3818,0.444
"21720","Gadus macrocephalus","Pacific cod",2017,81,"T-21",61.34774,-170.84622,6.9402,3.8145
"21720","Gadus macrocephalus","Pacific cod",2017,81,"R-21",60.68269,-170.75829,2.7842,2.743
"21720","Gadus macrocephalus","Pacific cod",2017,81,"V-24",62.01701,-173.08811,0.5993,0.2236
"21720","Gadus macrocephalus","Pacific cod",2017,81,"U-24",61.67507,-173.03695,0,0
"21720","Gadus macrocephalus","Pacific cod",2017,81,"T-23",61.33421,-172.28472,0.0494,0.1871
"21720","Gadus macrocephalus","Pacific cod",2017,81,"T-24",61.34819,-172.93787,0.5331,1.2617
"21720","Gadus macrocephalus","Pacific cod",2017,81,"U-23",61.64722,-172.32744,0.1829,0.4272
"21720","Gadus macrocephalus","Pacific cod",2017,81,"V-23",61.98302,-172.36485,1.6788,1.5753
"21720","Gadus macrocephalus","Pacific cod",2017,81,"Y-24",63.00766,-173.23262,0,0
"21720","Gadus macrocephalus","Pacific cod",2017,70,"T-01",61.35302,-168.06646,1.5645,1.1504
"21720","Gadus macrocephalus","Pacific cod",2017,70,"V-02",62.00059,-167.41451,5.6557,2.4688
"21720","Gadus macrocephalus","Pacific cod",2017,70,"Y-02",63.01222,-167.48381,1.9692,1.8754
"21720","Gadus macrocephalus","Pacific cod",2017,70,"X-01",62.67099,-168.18372,13.1324,11.3879
"21720","Gadus macrocephalus","Pacific cod",2017,70,"X-02",62.67498,-167.47073,3.0524,1.4225
"21720","Gadus macrocephalus","Pacific cod",2017,70,"W-01",62.34583,-168.16441,2.9602,1.8795
"21720","Gadus macrocephalus","Pacific cod",2017,70,"W-02",62.3517,-167.43943,3.4108,1.4311
"21720","Gadus macrocephalus","Pacific cod",2017,70,"S-01",61.01858,-168.03206,3.8566,1.1903
"21720","Gadus macrocephalus","Pacific cod",2017,70,"R-01",60.6848,-168.00995,0,0
"21720","Gadus macrocephalus","Pacific cod",2017,70,"V-01",62.01408,-168.12631,15.0302,9.3554
"21720","Gadus macrocephalus","Pacific cod",2017,70,"AA-22",63.70417,-172.10475,37.2906,17.9997
"21720","Gadus macrocephalus","Pacific cod",2017,70,"W-20",62.32893,-170.28277,12.1808,6.2644
"21720","Gadus macrocephalus","Pacific cod",2017,70,"X-21",62.65559,-171.08239,6.711,2.9827
"21720","Gadus macrocephalus","Pacific cod",2017,70,"X-20",62.67792,-170.33984,19.8279,9.1758
"21720","Gadus macrocephalus","Pacific cod",2010,81,"ZZ-23",63.34127,-172.6869,2.8464,0.8215
"21720","Gadus macrocephalus","Pacific cod",2010,81,"ZZ-24",63.33627,-173.43953,0.2503,0.2158
"21720","Gadus macrocephalus","Pacific cod",2010,81,"Y-23",63.01703,-172.60907,0.7306,0.1908
"21720","Gadus macrocephalus","Pacific cod",2010,81,"X-23",62.68162,-172.45557,0,0
"21720","Gadus macrocephalus","Pacific cod",2010,81,"V-23",61.97613,-172.36885,0,0
"21720","Gadus macrocephalus","Pacific cod",2010,81,"W-23",62.32177,-172.40093,0,0
"21720","Gadus macrocephalus","Pacific cod",2010,81,"W-22",62.32792,-171.74788,0,0
"21720","Gadus macrocephalus","Pacific cod",2010,81,"R-21",60.65348,-170.7545,0,0
"21720","Gadus macrocephalus","Pacific cod",2010,81,"S-21",60.9981,-170.84488,0,0
"21720","Gadus macrocephalus","Pacific cod",2010,81,"T-22",61.33077,-171.48933,0,0
"21720","Gadus macrocephalus","Pacific cod",2010,81,"T-21",61.33793,-170.77408,0,0
"21720","Gadus macrocephalus","Pacific cod",2010,81,"U-22",61.65798,-171.53878,0,0
"21720","Gadus macrocephalus","Pacific cod",2010,81,"U-21",61.65965,-170.86265,0,0
"21720","Gadus macrocephalus","Pacific cod",2010,71,"BB-19",63.98052,-169.77357,0.0227,0.2223
"21720","Gadus macrocephalus","Pacific cod",2010,71,"BB-08",63.98847,-163.04942,0,0
"21720","Gadus macrocephalus","Pacific cod",2010,71,"BB-09",64.01867,-162.30207,0,0
"21720","Gadus macrocephalus","Pacific cod",2010,71,"CC-10",64.30037,-161.53125,0,0
"21720","Gadus macrocephalus","Pacific cod",2010,71,"BB-10",63.97832,-161.52122,0,0
"21720","Gadus macrocephalus","Pacific cod",2010,71,"CC-09",64.34757,-162.24343,0,0
"21720","Gadus macrocephalus","Pacific cod",2010,71,"CC-08",64.316,-163.00065,0,0
"21720","Gadus macrocephalus","Pacific cod",2010,71,"CC-07",64.32538,-163.7621,0,0
"21720","Gadus macrocephalus","Pacific cod",2010,71,"CC-05",64.3209,-165.28733,0,0
"21720","Gadus macrocephalus","Pacific cod",2010,71,"CC-06",64.31973,-164.49707,0,0
"21720","Gadus macrocephalus","Pacific cod",2010,71,"CC-04",64.32988,-166.01243,0,0
"21720","Gadus macrocephalus","Pacific cod",2010,71,"ZZ-04",63.32395,-166.03523,1.4076,0.2346
"21720","Gadus macrocephalus","Pacific cod",2010,71,"AA-05",63.65108,-165.29893,0,0
"21720","Gadus macrocephalus","Pacific cod",2010,71,"AA-04",63.65072,-166.04002,2.8669,0.4814
"21720","Gadus macrocephalus","Pacific cod",2010,71,"BB-04",63.98262,-166.02893,0,0
"21720","Gadus macrocephalus","Pacific cod",2010,71,"BB-06",64.00382,-164.55712,0,0
"21720","Gadus macrocephalus","Pacific cod",2010,71,"BB-05",63.99078,-165.33017,0,0
"21720","Gadus macrocephalus","Pacific cod",2010,71,"AA-06",63.68882,-164.55802,0,0
"21720","Gadus macrocephalus","Pacific cod",2010,71,"AA-07",63.66763,-163.85105,0,0
"21720","Gadus macrocephalus","Pacific cod",2010,71,"BB-07",64.00938,-163.79893,0,0
"21720","Gadus macrocephalus","Pacific cod",2010,71,"AA-08",63.65018,-163.06477,0,0
"21720","Gadus macrocephalus","Pacific cod",2010,71,"DD-02",64.68485,-167.60737,0,0
"21720","Gadus macrocephalus","Pacific cod",2010,71,"DD-03",64.64992,-166.8244,0,0
"21720","Gadus macrocephalus","Pacific cod",2010,71,"CC-03",64.32705,-166.81525,0,0
"21720","Gadus macrocephalus","Pacific cod",2010,71,"BB-02",64.01647,-167.56212,0,0
"21720","Gadus macrocephalus","Pacific cod",2010,71,"CC-02",64.34658,-167.57355,1.531,0.2392
"21720","Gadus macrocephalus","Pacific cod",2010,71,"AA-03",63.6777,-166.78432,0,0
"21720","Gadus macrocephalus","Pacific cod",2010,71,"BB-03",64.00048,-166.78975,0,0
"21720","Gadus macrocephalus","Pacific cod",2010,71,"ZZ-03",63.36122,-166.76678,0,0
"21720","Gadus macrocephalus","Pacific cod",2010,71,"ZZ-05",63.3285,-165.3068,0.9338,0.2094
"21720","Gadus macrocephalus","Pacific cod",2010,71,"CC-01",64.34282,-168.32537,3.8205,0.4711
"21720","Gadus macrocephalus","Pacific cod",2010,71,"DD-20",64.63747,-170.61765,8.7589,1.9023
"21720","Gadus macrocephalus","Pacific cod",2010,71,"DD-01",64.66873,-168.36397,5.1014,0.7027
"21720","Gadus macrocephalus","Pacific cod",2010,71,"DD-18",64.64222,-169.18483,13.1168,2.0643
"21720","Gadus macrocephalus","Pacific cod",2010,71,"DD-19",64.6786,-169.90315,19.952,3.3963
"21720","Gadus macrocephalus","Pacific cod",2010,71,"EE-18",65.02415,-169.1029,25.4931,3.9657
"21720","Gadus macrocephalus","Pacific cod",2010,71,"EE-19",65.01542,-169.88993,3.9895,0.6088
"21720","Gadus macrocephalus","Pacific cod",2010,71,"FF-01",65.32702,-168.42677,8.1381,1.5176
"21720","Gadus macrocephalus","Pacific cod",2010,71,"FF-02",65.31457,-167.8908,0,0
"21720","Gadus macrocephalus","Pacific cod",2010,71,"EE-01",65.0101,-168.34465,20.0242,2.2919
"21720","Gadus macrocephalus","Pacific cod",2010,71,"EE-02",65.0047,-167.615,0,0
"21720","Gadus macrocephalus","Pacific cod",2010,71,"BB-20",63.98347,-170.5616,0.2186,0.2346
"21720","Gadus macrocephalus","Pacific cod",2010,71,"BB-22",63.98623,-172.0534,15.1914,3.8535
"21720","Gadus macrocephalus","Pacific cod",2010,71,"BB-21",64.01273,-171.34162,0.0019,0.2331
"21720","Gadus macrocephalus","Pacific cod",2010,71,"CC-20",64.3373,-170.59722,0.0281,0.2378
"21720","Gadus macrocephalus","Pacific cod",2010,71,"CC-18",64.30527,-169.12482,0,0
"21720","Gadus macrocephalus","Pacific cod",2010,71,"CC-19",64.30922,-169.82915,0,0
"21720","Gadus macrocephalus","Pacific cod",2010,71,"BB-18",64.01918,-169.04827,3.6141,0.4812
"21720","Gadus macrocephalus","Pacific cod",2010,71,"AA-19",63.64828,-169.74898,0.0216,0.2122
"21720","Gadus macrocephalus","Pacific cod",2010,81,"X-24",62.6812,-173.17917,0,0
"21720","Gadus macrocephalus","Pacific cod",2010,81,"V-24",62.01412,-173.0444,0,0
"21720","Gadus macrocephalus","Pacific cod",2010,81,"W-24",62.3416,-173.15248,0,0
"21720","Gadus macrocephalus","Pacific cod",2010,81,"U-24",61.6815,-173.08012,0,0
"21720","Gadus macrocephalus","Pacific cod",2010,81,"U-23",61.6752,-172.26853,0,0
"21720","Gadus macrocephalus","Pacific cod",2010,81,"T-24",61.34813,-172.91573,0.025,0.1841
"21720","Gadus macrocephalus","Pacific cod",2010,81,"T-23",61.33037,-172.12403,0,0
"21720","Gadus macrocephalus","Pacific cod",2010,81,"AA-23",63.67602,-172.71473,0,0
"21720","Gadus macrocephalus","Pacific cod",2010,81,"W-25",62.32582,-173.81928,1.0538,0.2112
"21720","Gadus macrocephalus","Pacific cod",2010,81,"W-27",62.31255,-175.27057,0.0616,0.208
"21720","Gadus macrocephalus","Pacific cod",2010,81,"X-26",62.65517,-174.63522,0,0
"21720","Gadus macrocephalus","Pacific cod",2010,81,"W-26",62.32398,-174.53585,0,0
"21720","Gadus macrocephalus","Pacific cod",2010,81,"X-25",62.66702,-173.93643,0,0
"21720","Gadus macrocephalus","Pacific cod",2010,81,"Y-25",62.98033,-173.99422,0,0
"21720","Gadus macrocephalus","Pacific cod",2010,81,"Y-24",62.98117,-173.23185,0,0
"21720","Gadus macrocephalus","Pacific cod",2010,70,"W-01",62.32017,-168.14393,1.8087,0.6912
"21720","Gadus macrocephalus","Pacific cod",2010,70,"X-02",62.65202,-167.48878,0,0
"21720","Gadus macrocephalus","Pacific cod",2010,70,"Y-02",62.98648,-167.48463,0,0
"21720","Gadus macrocephalus","Pacific cod",2010,70,"Y-01",62.98922,-168.20485,0,0
"21720","Gadus macrocephalus","Pacific cod",2010,70,"X-03",62.67933,-166.72703,0,0
"21720","Gadus macrocephalus","Pacific cod",2010,70,"V-03",62.02592,-166.6954,1.9996,0.4429
"21720","Gadus macrocephalus","Pacific cod",2010,70,"S-19",61.01115,-169.42953,2.867,0.7393
"21720","Gadus macrocephalus","Pacific cod",2010,70,"T-19",61.34832,-169.46143,1.3143,0.3651
"21720","Gadus macrocephalus","Pacific cod",2010,70,"R-18",60.655,-168.6925,0.0413,0.5102
"21720","Gadus macrocephalus","Pacific cod",2010,70,"S-18",60.98295,-168.73173,6.2918,2.1855
"21720","Gadus macrocephalus","Pacific cod",2010,70,"U-18",61.65305,-168.80163,0.8453,0.7836
"21720","Gadus macrocephalus","Pacific cod",2010,70,"W-03",62.34858,-166.7234,0.0053,0.2053
"21720","Gadus macrocephalus","Pacific cod",2010,70,"Y-03",63.00898,-166.7415,3.4645,0.8912
"21720","Gadus macrocephalus","Pacific cod",2010,70,"Y-04",62.97382,-166.02683,0.045,0.2081
"21720","Gadus macrocephalus","Pacific cod",2010,70,"AA-22",63.70007,-172.06112,0,0
"21720","Gadus macrocephalus","Pacific cod",2010,70,"T-18",61.31817,-168.76693,0,0
"21720","Gadus macrocephalus","Pacific cod",2010,70,"S-02",60.98938,-167.34417,0.0161,0.4736
"21720","Gadus macrocephalus","Pacific cod",2010,70,"R-02",60.66808,-167.36012,0.0389,0.4575
"21720","Gadus macrocephalus","Pacific cod",2010,70,"T-01",61.32565,-168.06697,0.6538,2.6814
"21720","Gadus macrocephalus","Pacific cod",2010,70,"S-01",61.01843,-168.03232,7.5898,2.4759
"21720","Gadus macrocephalus","Pacific cod",2010,70,"T-02",61.31947,-167.37382,1.7732,0.9394
"21720","Gadus macrocephalus","Pacific cod",2010,70,"U-01",61.64993,-168.09252,0.2944,0.942
"21720","Gadus macrocephalus","Pacific cod",2010,70,"U-02",61.65333,-167.4031,11.4259,8.3911
"21720","Gadus macrocephalus","Pacific cod",2010,70,"V-02",61.98393,-167.41658,0.2886,0.7399
"21720","Gadus macrocephalus","Pacific cod",2010,70,"V-01",61.98527,-168.12582,0.0957,0.4515
"21720","Gadus macrocephalus","Pacific cod",2010,70,"W-02",62.32337,-167.43547,0.0029,0.2428
"21720","Gadus macrocephalus","Pacific cod",2010,70,"X-01",62.6493,-168.1882,1.5358,0.453
"21720","Gadus macrocephalus","Pacific cod",2010,70,"X-20",62.67765,-170.34105,0,0
"21720","Gadus macrocephalus","Pacific cod",2010,70,"W-21",62.35522,-171.04742,0,0
"21720","Gadus macrocephalus","Pacific cod",2010,70,"V-20",62.01268,-170.25692,0.0482,0.1976
"21720","Gadus macrocephalus","Pacific cod",2010,70,"W-20",62.35242,-170.28513,0.6537,0.2179
"21720","Gadus macrocephalus","Pacific cod",2010,70,"U-20",61.67145,-170.21017,0,0
"21720","Gadus macrocephalus","Pacific cod",2010,70,"U-03",61.6588,-166.73952,1.232,0.6544
"21720","Gadus macrocephalus","Pacific cod",2010,70,"T-03",61.35608,-166.90597,0.9138,4.3704
"21720","Gadus macrocephalus","Pacific cod",2010,70,"R-03",60.6716,-166.69558,0,0
"21720","Gadus macrocephalus","Pacific cod",2010,70,"S-03",61.01755,-166.67373,0,0
"21720","Gadus macrocephalus","Pacific cod",2010,70,"R-01",60.68555,-167.99962,1.6389,1.3567
"21720","Gadus macrocephalus","Pacific cod",2010,70,"V-22",61.99648,-171.6442,0,0
"21720","Gadus macrocephalus","Pacific cod",2010,70,"X-22",62.65408,-171.81212,0.0573,0.398
"21720","Gadus macrocephalus","Pacific cod",2010,70,"ZZ-22",63.3081,-171.97583,4.3999,0.9664
"21720","Gadus macrocephalus","Pacific cod",2010,70,"Y-22",62.97495,-171.79808,0,0
"21720","Gadus macrocephalus","Pacific cod",2010,70,"ZZ-21",63.28073,-171.15252,0,0
"21720","Gadus macrocephalus","Pacific cod",2010,70,"Y-20",62.95192,-170.50662,0,0
"21720","Gadus macrocephalus","Pacific cod",2010,70,"Y-21",62.998,-171.15408,1.9703,0.2103
"21720","Gadus macrocephalus","Pacific cod",2010,70,"X-21",62.65313,-171.08255,0.0154,0.193
"21720","Gadus macrocephalus","Pacific cod",2010,70,"R-19",60.66768,-169.35685,1.1056,0.2479
"21720","Gadus macrocephalus","Pacific cod",2010,70,"R-20",60.66797,-170.03462,0,0
"21720","Gadus macrocephalus","Pacific cod",2010,70,"S-20",60.98112,-170.09193,0,0
"21720","Gadus macrocephalus","Pacific cod",2010,70,"T-20",61.32553,-170.0987,0,0
"21720","Gadus macrocephalus","Pacific cod",2010,70,"V-21",61.99455,-170.95498,0.1202,0.2225
"21720","Gadus macrocephalus","Pacific cod",2010,70,"V-18",61.98697,-168.84008,0,0
"21720","Gadus macrocephalus","Pacific cod",2010,70,"W-18",62.31892,-168.87245,0,0
"21720","Gadus macrocephalus","Pacific cod",2010,70,"X-18",62.65552,-168.9043,0,0
"21720","Gadus macrocephalus","Pacific cod",2010,70,"X-19",62.676,-169.57675,0,0
"21720","Gadus macrocephalus","Pacific cod",2010,70,"Y-18",62.93715,-168.986,0,0
"21720","Gadus macrocephalus","Pacific cod",2010,70,"W-19",62.34737,-169.5963,0,0
"21720","Gadus macrocephalus","Pacific cod",2010,70,"V-19",62.01638,-169.54808,0.0555,0.2642
"21720","Gadus macrocephalus","Pacific cod",2010,70,"U-19",61.67337,-169.5049,0,0
"21720","Gadus macrocephalus","Pacific cod",2010,71,"BB-01",63.978,-168.3002,4.2747,1.8894
"21720","Gadus macrocephalus","Pacific cod",2010,71,"ZZ-02",63.31822,-167.51027,0.048,0.2242
"21720","Gadus macrocephalus","Pacific cod",2010,71,"ZZ-01",63.31945,-168.24468,0.6446,0.237
"21720","Gadus macrocephalus","Pacific cod",2010,71,"AA-02",63.65297,-167.53097,0,0
"21720","Gadus macrocephalus","Pacific cod",2010,71,"AA-01",63.67842,-168.2923,0,0
"21720","Gadus macrocephalus","Pacific cod",2010,71,"AA-18",63.68055,-169.00202,2.8333,0.6814
